,lon,lat
Xantusia vigilis,-118.4219714,35.77997211
Xantusia vigilis,-118.6065619,34.78262671
Xantusia vigilis,-120.656439,36.515528
Xantusia vigilis,-113.481833,34.474167
Xantusia vigilis,-118.890195,34.877141
Xantusia vigilis,-117.19337,34.49662
Xantusia vigilis,-113.4,34.6
Xantusia vigilis,-115.453339,36.059137
Xantusia vigilis,-114.824476,35.65284738
Xantusia vigilis,-118.1892481,35.88986806
Xantusia vigilis,-117.7132,34.4911
Xantusia vigilis,-117.9063809,35.83537146
Xantusia vigilis,-118.20454,37.18681
Xantusia vigilis,-118.17,34.7199
Xantusia vigilis,-114.03975,32.28325
Xantusia vigilis,-117.619276,34.664107
Xantusia vigilis,-118.1912227,37.09044854
Xantusia vigilis,-115.45852,36.27914
Xantusia vigilis,-114.0669589,36.76197612
Xantusia vigilis,-114.035,34.423333
Xantusia vigilis,-118.13584,34.69876
Xantusia vigilis,-119.970703,35.165389
Xantusia vigilis,-116.273325,36.401353
Xantusia vigilis,-114.16966,35.45244
Xantusia vigilis,-115.118992,35.514838
Xantusia vigilis,-115.343042,36.152271
Xantusia vigilis,-113.65,35.4333
Xantusia vigilis,-115.1285,36.144416
Xantusia vigilis,-118.1410546,34.63099811
Xantusia vigilis,-117.4307363,34.63425799
Xantusia vigilis,-113.808007,35.1847
Xantusia vigilis,-118.469,34.904333
Xantusia vigilis,-118.161693,34.677522
Xantusia vigilis,-115.5271617,35.54041545
Xantusia vigilis,-114.7,35.066
Xantusia vigilis,-118.8945835,34.87593914
Xantusia vigilis,-116.017167,36.651353
Xantusia vigilis,-115.973067,36.202752
Xantusia vigilis,-117.0636453,34.39657899
Xantusia vigilis,-115.7244941,34.81459882
Xantusia vigilis,-118.7333,35.4333
Xantusia vigilis,-110.605167,37.838167
Xantusia vigilis,-117.1577714,34.48490593
Xantusia vigilis,-117.8942,35.7108
Xantusia vigilis,-118.8586596,35.61392613
Xantusia vigilis,-117.187073,34.052116
Xantusia vigilis,-118.4134168,34.9093597
Xantusia vigilis,-116.029017,35.256367
Xantusia vigilis,-117.2521521,34.33675933
Xantusia vigilis,-118.60206,37.4876
Xantusia vigilis,-118.353107,34.638018
Xantusia vigilis,-117.5156321,34.91280495
Xantusia vigilis,-116.0490271,36.58846252
Xantusia vigilis,-115.501344,36.4507
Xantusia vigilis,-115.184288,34.608463
Xantusia vigilis,-113.7833,34.45
Xantusia vigilis,-115.65905,35.426733
Xantusia vigilis,-117.396119,33.953297
Xantusia vigilis,-118.2367716,35.55799106
Xantusia vigilis,-117.959445,34.868475
Xantusia vigilis,-117.195936,34.422897
Xantusia vigilis,-117.8131113,34.45453522
Xantusia vigilis,-118.568838,34.77604916
Xantusia vigilis,-117.5420102,34.36869846
Xantusia vigilis,-119.7133122,35.06405317
Xantusia vigilis,-115.42239,35.17085
Xantusia vigilis,-120.0293356,35.08155637
Xantusia vigilis,-118.45511,33.40045
Xantusia vigilis,-118.60795,34.78220171
Xantusia vigilis,-118.160884,35.484688
Xantusia vigilis,-113.7909,34.9935
Xantusia vigilis,-118.5434521,35.67997475
Xantusia vigilis,-115.107439,36.067069
Xantusia vigilis,-118.106828,34.783015
Xantusia vigilis,-118.2408767,35.4654844
Xantusia vigilis,-118.7959489,34.74472838
Xantusia vigilis,-118.217308,35.380257
Xantusia vigilis,-117.4355185,34.64819958
Xantusia vigilis,-115.300859,36.203887
Xantusia vigilis,-118.072204,36.153648
Xantusia vigilis,-116.4405882,32.97000993
Xantusia vigilis,-117.2982552,34.4396052
Xantusia vigilis,-118.2009589,35.65866677
Xantusia vigilis,-115.1488862,35.49903504
Xantusia vigilis,-121.1858534,36.44694184
Xantusia vigilis,-114.911525,35.962189
Xantusia vigilis,-115.339955,35.786377
Xantusia vigilis,-116.9986,34.4111
Xantusia vigilis,-117.294304,35.010789
Xantusia vigilis,-118.283831,35.11070929
Xantusia vigilis,-115.548796,34.92385012
Xantusia vigilis,-114.048006,36.539549
Xantusia vigilis,-115.9100684,36.27142495
Xantusia vigilis,-117.042,34.4291
Xantusia vigilis,-114.6711,35.207
Xantusia vigilis,-116.984134,34.558548
Xantusia vigilis,-118.5351126,37.32505171
Xantusia vigilis,-115.144733,36.108271
Xantusia vigilis,-118.241687,35.067273
Xantusia vigilis,-114.8308156,35.59577875
Xantusia vigilis,-117.2096001,34.42923309
Xantusia vigilis,-117.978964,34.579894
Xantusia vigilis,-118.4972495,35.63109632
Xantusia vigilis,-118.1504996,34.60747668
Xantusia vigilis,-115.659256,34.783637
Xantusia vigilis,-117.2043837,34.70266072
Xantusia vigilis,-118.2348143,35.44205204
Xantusia vigilis,-118.4424885,34.4291945
Xantusia vigilis,-118.1746158,35.05241261
Xantusia vigilis,-109.93048,37.4322
Xantusia vigilis,-118.188014,35.556858
Xantusia vigilis,-115.61852,34.81352
Xantusia vigilis,-115.502989,36.114956
Xantusia vigilis,-120.838567,36.554833
Xantusia vigilis,-118.602013,34.876205
Xantusia vigilis,-115.344417,36.033473
Xantusia vigilis,-117.227333,34.398667
Xantusia vigilis,-116.191219,36.688487
Xantusia vigilis,-117.587664,36.560939
Xantusia vigilis,-117.521333,34.336
Xantusia vigilis,-116.53615,33.07504
Xantusia vigilis,-117.321078,34.366029
Xantusia vigilis,-118.2738057,35.10413754
Xantusia vigilis,-115.84729,35.77165
Xantusia vigilis,-116.6882119,34.82698596
Xantusia vigilis,-115.623114,36.373779
Xantusia vigilis,-118.6221774,35.45431793
Xantusia vigilis,-114.818947,35.184731
Xantusia vigilis,-118.12879,35.11435
Xantusia vigilis,-117.867959,35.328538
Xantusia vigilis,-115.207306,36.436833
Xantusia vigilis,-116.9222815,36.72304821
Xantusia vigilis,-117.3346692,34.74457569
Xantusia vigilis,-117.992722,35.374181
Xantusia vigilis,-118.173706,34.773371
Xantusia vigilis,-116.6447813,34.86453526
Xantusia vigilis,-118.4339174,35.39325086
Xantusia vigilis,-114.083161,35.20218
Xantusia vigilis,-120.7449268,36.72917849
Xantusia vigilis,-118.2250222,36.80256888
Xantusia vigilis,-115.233639,36.484083
Xantusia vigilis,-116.6445981,34.95216095
Xantusia vigilis,-117.662356,34.44748
Xantusia vigilis,-116.52756,33.12724
Xantusia vigilis,-114.041238,37.086259
Xantusia vigilis,-117.780366,34.751041
Xantusia vigilis,-118.5356915,34.70789323
Xantusia vigilis,-117.795966,34.661667
Xantusia vigilis,-118.4779755,35.94541458
Xantusia vigilis,-113.88584,37.06553
Xantusia vigilis,-115.35926,36.035151
Xantusia vigilis,-118.243698,35.109579
Xantusia vigilis,-115.80239,35.38311
Xantusia vigilis,-116.998639,34.410917
Xantusia vigilis,-117.6426008,34.49939818
Xantusia vigilis,-117.4187577,34.50658154
Xantusia vigilis,-116.273858,35.980483
Xantusia vigilis,-114.6794577,35.16913054
Xantusia vigilis,-113.2167,34.5333
Xantusia vigilis,-115.057987,36.08179
Xantusia vigilis,-118.5071759,35.55501918
Xantusia vigilis,-116.018917,36.680558
Xantusia vigilis,-115.0625144,34.91913449
Xantusia vigilis,-118.45872,37.58833
Xantusia vigilis,-117.999817,35.0181
Xantusia vigilis,-116.4798708,34.70058875
Xantusia vigilis,-117.20532,34.62372
Xantusia vigilis,-121.185915,36.4363
Xantusia vigilis,-115.5629,35.341917
Xantusia vigilis,-118.2319668,35.58090251
Xantusia vigilis,-117.6446436,35.72372612
Xantusia vigilis,-116.35519,32.97617
Xantusia vigilis,-113.5565,36.9478
Xantusia vigilis,-115.9516074,36.07952927
Xantusia vigilis,-118.123899,35.73713335
Xantusia vigilis,-118.301,35.664467
Xantusia vigilis,-118.141347,35.412692
Xantusia vigilis,-117.773342,34.594273
Xantusia vigilis,-117.6459199,34.49898817
Xantusia vigilis,-117.828875,36.639958
Xantusia vigilis,-118.171622,34.888571
Xantusia vigilis,-116.4036,33.0372
Xantusia vigilis,-117.6681736,35.0064564
Xantusia vigilis,-115.71962,36.15259
Xantusia vigilis,-118.18349,34.48029
Xantusia vigilis,-114.79477,37.616058
Xantusia vigilis,-117.5594389,35.4640533
Xantusia vigilis,-115.551877,35.082733
Xantusia vigilis,-115.5755,34.92227
Xantusia vigilis,-118.170346,34.719932
Xantusia vigilis,-121.187698,36.514352
Xantusia vigilis,-118.4392185,35.66799781
Xantusia vigilis,-115.050974,36.100894
Xantusia vigilis,-115.9278281,36.20492641
Xantusia vigilis,-117.13875,34.48745
Xantusia vigilis,-119.4300442,34.82184272
Xantusia vigilis,-117.920278,34.704297
Xantusia vigilis,-118.8381645,35.64299354
Xantusia vigilis,-116.2252714,35.83930623
Xantusia vigilis,-117.632968,34.776488
Xantusia vigilis,-118.3959524,34.90974181
Xantusia vigilis,-114.93761,36.747142
Xantusia vigilis,-115.137778,36.512333
Xantusia vigilis,-115.5182755,35.54050651
Xantusia vigilis,-117.8365066,34.43580357
Xantusia vigilis,-114.3,35.45
Xantusia vigilis,-118.0723,34.31021
Xantusia vigilis,-118.2004534,35.05110746
Xantusia vigilis,-117.89,34.58
Xantusia vigilis,-119.4301692,34.82193672
Xantusia vigilis,-115.5061456,34.98247988
Xantusia vigilis,-115.287528,36.459444
Xantusia vigilis,-118.0297582,34.34501272
Xantusia vigilis,-115.79175,35.155933
Xantusia vigilis,-119.7148983,35.06367017
Xantusia vigilis,-115.122572,35.514687
Xantusia vigilis,-116.38619,33.13892
Xantusia vigilis,-117.1916344,34.89647064
Xantusia vigilis,-118.2108078,34.96916155
Xantusia vigilis,-118.207726,35.518943
Xantusia vigilis,-118.3062622,34.70233701
Xantusia vigilis,-115.269171,36.020176
Xantusia vigilis,-117.308539,34.39064847
Xantusia vigilis,-117.984742,35.333737
Xantusia vigilis,-118.242725,35.10963462
Xantusia vigilis,-117.1388131,34.89647101
Xantusia vigilis,-118.078955,34.572992
Xantusia vigilis,-118.1340335,34.04479236
Xantusia vigilis,-113.8138,35.0274
Xantusia vigilis,-117.8866813,34.57994728
Xantusia vigilis,-116.571173,34.828006
Xantusia vigilis,-115.25117,36.159158
Xantusia vigilis,-116.41359,33.13076
Xantusia vigilis,-117.9,34.6333
Xantusia vigilis,-118.3436482,34.62524984
Xantusia vigilis,-118.023017,34.530356
Xantusia vigilis,-118.1787407,35.22501605
Xantusia vigilis,-116.31,36.93472
Xantusia vigilis,-115.427104,36.138977
Xantusia vigilis,-116.3756138,34.74679022
Xantusia vigilis,-115.300583,36.814583
Xantusia vigilis,-115.473355,35.010991
Xantusia vigilis,-115.9944,36.6605
Xantusia vigilis,-116.965667,34.63
Xantusia vigilis,-115.461013,36.163295
Xantusia vigilis,-117.65005,35.010383
Xantusia vigilis,-117.9,36.6878
Xantusia vigilis,-117.720714,34.692102
Xantusia vigilis,-116.6092015,34.87524522
Xantusia vigilis,-114.831565,35.484395
Xantusia vigilis,-118.0739173,35.69039988
Xantusia vigilis,-115.643624,34.979734
Xantusia vigilis,-119.046136,34.78293055
Xantusia vigilis,-117.8132178,35.74703433
Xantusia vigilis,-117.8599,34.42112
Xantusia vigilis,-119.357583,34.837522
Xantusia vigilis,-114.0193,36.54232
Xantusia vigilis,-116.5497925,33.1527038
Xantusia vigilis,-117.7907926,35.40155325
Xantusia vigilis,-115.316101,35.521652
Xantusia vigilis,-113.7993351,32.22009525
Xantusia vigilis,-117.0713846,36.23114175
Xantusia vigilis,-117.648272,34.769696
Xantusia vigilis,-116.946167,34.387
Xantusia vigilis,-116.3422873,33.11100639
Xantusia vigilis,-118.164411,34.90300964
Xantusia vigilis,-115.999644,36.659242
Xantusia vigilis,-117.3330271,34.74384372
Xantusia vigilis,-115.50444,36.16361
Xantusia vigilis,-115.781854,34.556729
Xantusia vigilis,-113.957462,36.415744
Xantusia vigilis,-118.235775,35.432887
Xantusia vigilis,-121.193157,36.505329
Xantusia vigilis,-118.4226357,35.16099498
Xantusia vigilis,-115.2334937,37.53155118
Xantusia vigilis,-115.137194,36.513
Xantusia vigilis,-110.57433,37.90708
Xantusia vigilis,-118.8273882,35.45844433
Xantusia vigilis,-117.655727,34.799884
Xantusia vigilis,-114.91765,36.11499
Xantusia vigilis,-120.783625,36.662739
Xantusia vigilis,-115.449006,36.087634
Xantusia vigilis,-117.399733,34.51795
Xantusia vigilis,-118.0096098,35.6010396
Xantusia vigilis,-110.031131,37.599792
Xantusia vigilis,-117.5667,34.4167
Xantusia vigilis,-116.5177511,33.08311606
Xantusia vigilis,-115.2878027,35.21023545
Xantusia vigilis,-117.3129083,34.51036317
Xantusia vigilis,-115.275418,35.694961
Xantusia vigilis,-117.102667,34.435
Xantusia vigilis,-118.01879,34.52107
Xantusia vigilis,-117.750879,34.72147
Xantusia vigilis,-117.990664,34.772119
Xantusia vigilis,-117.6942,34.555874
Xantusia vigilis,-118.23043,34.701956
Xantusia vigilis,-117.7257111,34.34408986
Xantusia vigilis,-117.74178,34.549188
Xantusia vigilis,-114.8061455,37.55221371
Xantusia vigilis,-115.088067,36.696117
Xantusia vigilis,-114.157357,37.051735
Xantusia vigilis,-118.0175716,35.65961006
Xantusia vigilis,-115.481438,36.485351
Xantusia vigilis,-115.686167,35.122833
Xantusia vigilis,-110.6372,37.4835
Xantusia vigilis,-115.254639,36.203483
Xantusia vigilis,-115.86283,35.777
Xantusia vigilis,-118.4875852,35.71455728
Xantusia vigilis,-117.8511662,34.65556448
Xantusia vigilis,-117.717167,34.54491842
Xantusia vigilis,-118.8683414,34.63728678
Xantusia vigilis,-118.4443599,35.78445684
Xantusia vigilis,-115.209427,36.031854
Xantusia vigilis,-118.01248,34.33259
Xantusia vigilis,-115.08655,35.514089
Xantusia vigilis,-117.870788,34.732012
Xantusia vigilis,-118.44366,37.53207
Xantusia vigilis,-118.7956159,34.74614334
Xantusia vigilis,-117.007386,35.079083
Xantusia vigilis,-118.1314816,36.05399943
Xantusia vigilis,-118.2237271,37.40190834
Xantusia vigilis,-118.50679,34.6857
Xantusia vigilis,-115.111549,36.158858
Xantusia vigilis,-119.4438251,34.79025648
Xantusia vigilis,-117.6660064,37.27943919
Xantusia vigilis,-114.8667,37.55
Xantusia vigilis,-116.8217124,35.5421465
Xantusia vigilis,-116.0172847,36.61658609
Xantusia vigilis,-117.6139704,34.42617238
Xantusia vigilis,-121.1975398,36.45237661
Xantusia vigilis,-116.0473463,36.70036394
Xantusia vigilis,-117.6600337,34.45190936
Xantusia vigilis,-115.563699,36.408261
Xantusia vigilis,-117.762523,34.770737
Xantusia vigilis,-117.649198,34.676172
Xantusia vigilis,-115.141696,36.053822
Xantusia vigilis,-118.4146764,34.77505128
Xantusia vigilis,-118.1667,35.05
Xantusia vigilis,-118.1117135,34.58133667
Xantusia vigilis,-118.214,37.4028
Xantusia vigilis,-115.055369,35.510092
Xantusia vigilis,-115.244472,36.450694
Xantusia vigilis,-118.4324295,37.43755799
Xantusia vigilis,-117.1436212,34.69605632
Xantusia vigilis,-117.691295,34.696052
Xantusia vigilis,-113.976999,37.007728
Xantusia vigilis,-118.0318305,33.97748197
Xantusia vigilis,-118.294444,35.1
Xantusia vigilis,-118.1667,35.23333
Xantusia vigilis,-117.0366051,35.02924522
Xantusia vigilis,-117.2549699,34.41264923
Xantusia vigilis,-117.601187,34.777291
Xantusia vigilis,-117.88715,35.35983
Xantusia vigilis,-118.7989139,35.48892176
Xantusia vigilis,-116.185713,36.002475
Xantusia vigilis,-118.295442,35.687369
Xantusia vigilis,-115.340186,36.202528
Xantusia vigilis,-118.1136388,35.74704417
Xantusia vigilis,-114.3333,35.0333
Xantusia vigilis,-115.08729,36.096608
Xantusia vigilis,-120.7925269,36.64758006
Xantusia vigilis,-114.700305,35.170497
Xantusia vigilis,-117.805902,34.748388
Xantusia vigilis,-115.615593,35.46464676
Xantusia vigilis,-118.456012,35.5806589
Xantusia vigilis,-115.79009,35.40166
Xantusia vigilis,-115.1008442,36.1000786
Xantusia vigilis,-115.472861,36.129192
Xantusia vigilis,-117.3339345,34.58034412
Xantusia vigilis,-116.29992,33.13477
Xantusia vigilis,-116.455,32.99
Xantusia vigilis,-120.845378,36.730939
Xantusia vigilis,-118.433132,34.870721
Xantusia vigilis,-115.5086957,34.98135989
Xantusia vigilis,-114.786582,35.173804
Xantusia vigilis,-115.59353,35.47259
Xantusia vigilis,-118.718198,34.665618
Xantusia vigilis,-117.777226,34.78888
Xantusia vigilis,-117.824821,34.690159
Xantusia vigilis,-118.7117123,34.59073116
Xantusia vigilis,-114.007486,37.109834
Xantusia vigilis,-117.0022304,34.44942196
Xantusia vigilis,-116.838024,34.906778
Xantusia vigilis,-117.181205,34.420874
Xantusia vigilis,-114.054736,37.087445
Xantusia vigilis,-117.3320075,34.49057857
Xantusia vigilis,-117.8877904,35.35976364
Xantusia vigilis,-115.200223,36.159739
Xantusia vigilis,-116.8818125,34.43456519
Xantusia vigilis,-118.526567,34.7742
Xantusia vigilis,-118.558719,34.783806
Xantusia vigilis,-118.1855006,34.62248903
Xantusia vigilis,-115.84325,35.77083
Xantusia vigilis,-118.50546,34.68459
Xantusia vigilis,-117.3339385,34.58034412
Xantusia vigilis,-118.5833,35.5667
Xantusia vigilis,-117.878949,34.490085
Xantusia vigilis,-117.52,34.34
Xantusia vigilis,-115.270464,36.020234
Xantusia vigilis,-115.0824516,35.598567
Xantusia vigilis,-117.2928027,34.49927061
Xantusia vigilis,-115.432665,35.990121
Xantusia vigilis,-114.145369,37.179121
Xantusia vigilis,-118.091179,34.52443
Xantusia vigilis,-116.47445,33.05491
Xantusia vigilis,-118.1725221,35.08255483
Xantusia vigilis,-118.7313397,35.42549788
Xantusia vigilis,-118.17396,35.12463
Xantusia vigilis,-113.556533,36.947783
Xantusia vigilis,-114.0333,33.4167
Xantusia vigilis,-118.435392,35.72002452
Xantusia vigilis,-115.160333,36.520444
Xantusia vigilis,-115.197611,35.708214
Xantusia vigilis,-117.61975,34.761737
Xantusia vigilis,-114.891621,36.381087
Xantusia vigilis,-114.1667,33.0333
Xantusia vigilis,-118.5605,35.5781
Xantusia vigilis,-114.989696,36.446223
Xantusia vigilis,-118.2020296,35.5349769
Xantusia vigilis,-118.7978779,35.49305366
Xantusia vigilis,-118.0071734,35.66201508
Xantusia vigilis,-118.2402,35.4656
Xantusia vigilis,-115.4505958,36.11993174
Xantusia vigilis,-116.184953,36.002056
Xantusia vigilis,-115.0399,34.9124
Xantusia vigilis,-117.3046237,34.57305852
Xantusia vigilis,-117.9957893,36.67463955
Xantusia vigilis,-117.835747,34.458125
Xantusia vigilis,-118.0170767,34.32813027
Xantusia vigilis,-117.0027608,34.98032974
Xantusia vigilis,-118.450837,34.77617
Xantusia vigilis,-117.95074,35.19853
Xantusia vigilis,-115.147472,36.423694
Xantusia vigilis,-114.25,35.5833
Xantusia vigilis,-114.79573,37.616825
Xantusia vigilis,-115.141194,36.447667
Xantusia vigilis,-110.6167,37.8833
Xantusia vigilis,-120.7823,36.658
Xantusia vigilis,-115.516567,35.252167
Xantusia vigilis,-118.066417,34.481525
Xantusia vigilis,-117.632543,34.399812
Xantusia vigilis,-117.290278,34.536111
Xantusia vigilis,-118.1704,35.7208
Xantusia vigilis,-120.7640653,36.65832703
Xantusia vigilis,-117.2991495,34.56580676
Xantusia vigilis,-115.056047,35.511377
Xantusia vigilis,-117.9481201,34.52112046
Xantusia vigilis,-113.8167,35.05
Xantusia vigilis,-114.035536,33.41581231
Xantusia vigilis,-115.30975,36.499111
Xantusia vigilis,-113.4833,34.4833
Xantusia vigilis,-114.010618,37.183321
Xantusia vigilis,-117.4084163,34.39145075
Xantusia vigilis,-118.8021315,35.62764519
Xantusia vigilis,-117.901113,34.456125
Xantusia vigilis,-113.88584,37.066
Xantusia vigilis,-117.785228,34.604091
Xantusia vigilis,-118.40753,34.74978702
Xantusia vigilis,-117.0663443,36.21644714
Xantusia vigilis,-118.406682,35.755767
Xantusia vigilis,-118.1596359,34.99792215
Xantusia vigilis,-117.9581,35.6253
Xantusia vigilis,-118.2630304,35.10549158
Xantusia vigilis,-117.584117,36.558756
Xantusia vigilis,-118.5951241,35.5725801
Xantusia vigilis,-118.314002,35.04560779
Xantusia vigilis,-116.56488,33.07753
Xantusia vigilis,-118.8303324,36.71754636
Xantusia vigilis,-117.4033965,34.42675882
Xantusia vigilis,-114.353125,36.67226624
Xantusia vigilis,-117.6861306,34.3782312
Xantusia vigilis,-118.3073115,34.44151911
Xantusia vigilis,-115.50253,35.23313
Xantusia vigilis,-115.064464,35.533458
Xantusia vigilis,-115.584165,35.41665
Xantusia vigilis,-116.027962,36.45693
Xantusia vigilis,-121.1540109,36.46002977
Xantusia vigilis,-117.753048,34.555212
Xantusia vigilis,-118.370298,34.53783203
Xantusia vigilis,-115.57891,34.92151
Xantusia vigilis,-115.143489,36.107716
Xantusia vigilis,-118.4876,37.66303
Xantusia vigilis,-115.3414497,35.77883078
Xantusia vigilis,-118.0389928,34.57991622
Xantusia vigilis,-115.224055,36.203092
Xantusia vigilis,-117.30944,34.52908
Xantusia vigilis,-117.8523298,34.42079387
Xantusia vigilis,-115.54913,35.4707
Xantusia vigilis,-117.0885016,34.46745388
Xantusia vigilis,-117.23713,34.418659
Xantusia vigilis,-118.3948582,35.08500718
Xantusia vigilis,-118.2083814,35.12440347
Xantusia vigilis,-117.0888994,36.1699751
Xantusia vigilis,-114.2130279,36.31121556
Xantusia vigilis,-118.0689887,34.31187236
Xantusia vigilis,-114.05315,35.18937
Xantusia vigilis,-114.1,35.85
Xantusia vigilis,-118.0855525,35.02917485
Xantusia vigilis,-117.9290328,34.43818286
Xantusia vigilis,-118.199865,36.055236
Xantusia vigilis,-115.112139,36.375667
Xantusia vigilis,-118.505421,34.724389
Xantusia vigilis,-115.6479,34.8199
Xantusia vigilis,-118.102672,34.78845
Xantusia vigilis,-118.858889,35.613889
Xantusia vigilis,-115.7336679,34.97696949
Xantusia vigilis,-118.4496537,35.84154737
Xantusia vigilis,-115.1869,35.6975
Xantusia vigilis,-118.5,35.9167
Xantusia vigilis,-118.5,35.6167
Xantusia vigilis,-113.9,34.6833
Xantusia vigilis,-115.3727455,36.27142865
Xantusia vigilis,-114.177825,37.006667
Xantusia vigilis,-118.484236,34.774379
Xantusia vigilis,-118.8755953,34.80186927
Xantusia vigilis,-117.665935,34.656991
Xantusia vigilis,-115.184242,34.608458
Xantusia vigilis,-113.799335,32.20342876
Xantusia vigilis,-113.9292,36.6247
Xantusia vigilis,-117.569729,34.408638
Xantusia vigilis,-117.9631,35.629233
Xantusia vigilis,-117.9105376,34.56386455
Xantusia vigilis,-117.304847,34.489425
Xantusia vigilis,-114.197275,37.002493
Xantusia vigilis,-118.3092272,37.40471764
Xantusia vigilis,-117.9884482,35.40115186
Xantusia vigilis,-115.370314,36.039917
Xantusia vigilis,-117.9701671,35.33565167
Xantusia vigilis,-113.1233,34.6243
Xantusia vigilis,-118.2131419,35.25570401
Xantusia vigilis,-118.1333,36.0167
Xantusia vigilis,-118.148889,34.645833
Xantusia vigilis,-116.738367,35.513578
Xantusia vigilis,-119.4201844,34.76682828
Xantusia vigilis,-115.076254,36.037645
Xantusia vigilis,-117.84831,34.60031
Xantusia vigilis,-118.2031651,35.11618273
Xantusia vigilis,-117.398027,33.94678
Xantusia vigilis,-117.9059299,34.50363723
Xantusia vigilis,-117.3500981,34.89646954
Xantusia vigilis,-118.8631724,34.83975034
Xantusia vigilis,-121.175,36.466667
Xantusia vigilis,-115.145885,35.77864211
Xantusia vigilis,-114.012816,37.105413
Xantusia vigilis,-117.9,34.45
Xantusia vigilis,-117.19268,34.50228
Xantusia vigilis,-117.1317,34.7326
Xantusia vigilis,-117.697636,35.007144
Xantusia vigilis,-118.099887,35.848417
Xantusia vigilis,-116.7262653,36.22025746
Xantusia vigilis,-116.065,34.958
Xantusia vigilis,-117.984855,34.53130792
Xantusia vigilis,-114.9308926,37.00241485
Xantusia vigilis,-117.0204,34.401
Xantusia vigilis,-115.544839,36.418433
Xantusia vigilis,-118.024894,34.531647
Xantusia vigilis,-117.465991,34.92187805
Xantusia vigilis,-117.995567,35.374871
Xantusia vigilis,-118.615215,34.987625
Xantusia vigilis,-116.04333,37.06889
Xantusia vigilis,-115.6588063,34.78595702
Xantusia vigilis,-115.06681,36.114884
Xantusia vigilis,-113.326806,34.537
Xantusia vigilis,-117.657222,35.368611
Xantusia vigilis,-115.456357,36.159545
Xantusia vigilis,-117.974267,35.364988
Xantusia vigilis,-117.9913639,35.64622559
Xantusia vigilis,-113.6833,34.6833
Xantusia vigilis,-118.4698957,34.77447291
Xantusia vigilis,-116.271537,36.401239
Xantusia vigilis,-117.83568,34.29079
Xantusia vigilis,-115.525873,35.268297
Xantusia vigilis,-117.810513,34.709389
Xantusia vigilis,-118.114189,34.659802
Xantusia vigilis,-118.118133,35.126343
Xantusia vigilis,-119.4202444,34.76680828
Xantusia vigilis,-116.8091766,34.71058523
Xantusia vigilis,-113.872498,37.072701
Xantusia vigilis,-115.118889,36.530889
Xantusia vigilis,-117.4872675,34.42648025
Xantusia vigilis,-115.7545935,35.18235302
Xantusia vigilis,-114.958139,36.206689
Xantusia vigilis,-115.5838462,35.55877561
Xantusia vigilis,-117.0699827,35.01386839
Xantusia vigilis,-116.3136196,36.41901863
Xantusia vigilis,-113.773667,34.451333
Xantusia vigilis,-117.8535321,34.44548618
Xantusia vigilis,-116.0594,35.8841
Xantusia vigilis,-122.15576,37.21318
Xantusia vigilis,-117.8624532,34.63119006
Xantusia vigilis,-118.3658719,35.11454661
Xantusia vigilis,-117.0331707,34.89647174
Xantusia vigilis,-117.03255,34.89652
Xantusia vigilis,-117.5402597,34.42652188
Xantusia vigilis,-114.160091,37.183743
Xantusia vigilis,-116.178437,36.0075
Xantusia vigilis,-117.51779,34.90269
Xantusia vigilis,-117.2536806,34.48255733
Xantusia vigilis,-117.664654,35.789705
Xantusia vigilis,-113.30719,34.48658
Xantusia vigilis,-116.9627368,34.67887803
Xantusia vigilis,-120.5967,36.4855
Xantusia vigilis,-118.4528087,35.83389754
Xantusia vigilis,-118.3194,35.047
Xantusia vigilis,-118.2433214,35.61134766
Xantusia vigilis,-118.1667,35.9333
Xantusia vigilis,-114.683333,35.166667
Xantusia vigilis,-114.745503,35.261211
Xantusia vigilis,-115.371754,36.179483
Xantusia vigilis,-117.5548624,34.46306478
Xantusia vigilis,-117.8297662,34.60553199
Xantusia vigilis,-117.8325593,34.50598968
Xantusia vigilis,-117.3974154,34.42472192
Xantusia vigilis,-119.471594,34.834848
Xantusia vigilis,-118.052865,35.947789
Xantusia vigilis,-115.85587,35.76888
Xantusia vigilis,-117.71915,34.486883
Xantusia vigilis,-118.2372251,35.04084747
Xantusia vigilis,-117.625188,34.756861
Xantusia vigilis,-118.1195363,34.55063945
Xantusia vigilis,-118.3275,34.9564
Xantusia vigilis,-115.377045,34.651285
Xantusia vigilis,-116.9339711,34.37090558
Xantusia vigilis,-115.85477,35.77072
Xantusia vigilis,-117.021872,34.799394
Xantusia vigilis,-115.091947,36.115309
Xantusia vigilis,-117.729931,34.629855
Xantusia vigilis,-113.994129,37.118721
Xantusia vigilis,-115.4802081,36.27142792
Xantusia vigilis,-118.17386,35.09577
Xantusia vigilis,-115.30675,36.589944
Xantusia vigilis,-118.040479,34.580011
Xantusia vigilis,-118.6808985,35.24276698
Xantusia vigilis,-120.8367967,36.55069204
Xantusia vigilis,-118.8533106,34.68741452
Xantusia vigilis,-117.947241,34.723422
Xantusia vigilis,-114.1833,35.4667
Xantusia vigilis,-117.1013736,35.02732782
Xantusia vigilis,-117.4101257,34.52813901
Xantusia vigilis,-115.185593,36.52336
Xantusia vigilis,-117.250333,34.373333
Xantusia vigilis,-117.0306153,34.36607605
Xantusia vigilis,-113.675711,35.366503
Xantusia vigilis,-118.220639,35.397139
Xantusia vigilis,-117.7715,34.446167
Xantusia vigilis,-118.0148375,34.31511065
Xantusia vigilis,-115.1826,34.6154
Xantusia vigilis,-114.0669588,36.74747645
Xantusia vigilis,-117.033172,35.0270283
Xantusia vigilis,-115.242709,36.13985
Xantusia vigilis,-116.3137226,36.41905263
Xantusia vigilis,-116.0651086,34.95814275
Xantusia vigilis,-118.34881,35.01839
Xantusia vigilis,-117.40487,35.99034
Xantusia vigilis,-114.85,36.7833
Xantusia vigilis,-117.40484,35.99031
Xantusia vigilis,-118.01891,34.52089
Xantusia vigilis,-116.4551,32.98995
Xantusia vigilis,-117.949722,35.325
Xantusia vigilis,-118.1366442,34.6953494
Xantusia vigilis,-117.1829497,34.65170524
Xantusia vigilis,-113.3833,33.8167
Xantusia vigilis,-115.6784973,34.74590495
Xantusia vigilis,-118.1215039,34.60525495
Xantusia vigilis,-118.0595825,35.55713036
Xantusia vigilis,-117.08325,34.53391
Xantusia vigilis,-115.456578,36.354777
Xantusia vigilis,-115.40489,35.171164
Xantusia vigilis,-118.216586,34.674208
Xantusia vigilis,-116.0091548,36.64909539
Xantusia vigilis,-117.687365,34.615817
Xantusia vigilis,-115.5486749,35.31522901
Xantusia vigilis,-118.14861,35.10902
Xantusia vigilis,-118.5333,37.3333
Xantusia vigilis,-117.9303,35.734833
Xantusia vigilis,-117.825048,34.690651
Xantusia vigilis,-115.220231,35.892381
Xantusia vigilis,-115.516029,36.27142767
Xantusia vigilis,-118.341735,35.002118
Xantusia vigilis,-117.61622,35.37233
Xantusia vigilis,-118.1439252,34.48563305
Xantusia vigilis,-114.1167,35.1333
Xantusia vigilis,-115.96941,35.7916
Xantusia vigilis,-115.409513,36.304571
Xantusia vigilis,-116.4263748,34.73527019
Xantusia vigilis,-117.46829,34.92186
Xantusia vigilis,-118.28189,35.11603617
Xantusia vigilis,-115.137255,36.107812
Xantusia vigilis,-111.50116,37.261588
Xantusia vigilis,-115.03436,34.84476
Xantusia vigilis,-115.288,36.439861
Xantusia vigilis,-118.406,34.5164
Xantusia vigilis,-117.5500987,34.50660863
Xantusia vigilis,-115.453048,36.07967
Xantusia vigilis,-115.078472,36.696944
Xantusia vigilis,-118.8936635,34.87453919
Xantusia vigilis,-118.19405,37.24328
Xantusia vigilis,-118.1417529,35.04099214
Xantusia vigilis,-115.206309,36.033383
Xantusia vigilis,-118.2448504,35.05130114
Xantusia vigilis,-118.1610071,35.00979383
Xantusia vigilis,-117.78047,34.699364
Xantusia vigilis,-117.635238,34.60484
Xantusia vigilis,-116.301856,36.372653
Xantusia vigilis,-115.208146,36.144533
Xantusia vigilis,-117.985712,35.643878
Xantusia vigilis,-118.44994,34.777028
Xantusia vigilis,-115.167278,36.496861
Xantusia vigilis,-115.737972,36.395802
Xantusia vigilis,-117.42348,33.35435
Xantusia vigilis,-119.4659436,34.88328481
Xantusia vigilis,-118.245838,34.590741
Xantusia vigilis,-118.3522,37.49185
Xantusia vigilis,-113.8095,32.2245
Xantusia vigilis,-114.2055382,33.21111715
Xantusia vigilis,-117.9412,35.6062
Xantusia vigilis,-117.3950709,34.58281463
Xantusia vigilis,-118.4663,35.7031
Xantusia vigilis,-115.405609,36.051031
Xantusia vigilis,-117.23336,34.532333
Xantusia vigilis,-118.0550769,35.691048
Xantusia vigilis,-115.176281,36.151611
Xantusia vigilis,-115.53147,35.47143
Xantusia vigilis,-115.183555,34.611105
Xantusia vigilis,-118.0047414,35.66854493
Xantusia vigilis,-117.1251765,34.47373146